district,fever_cases,rainfall_mm,humidity,temperature,malnutrition_rate,water_quality_index,population_density,past_outbreak,latitude,longitude,risk_level
Pune,120,85,68,31,14,62,603,1,18.5204,73.8567,Medium
Mumbai,180,210,80,30,12,55,20600,1,19.076,72.8777,High
Nagpur,95,60,55,34,18,65,470,0,21.1458,79.0882,Low
Nashik,110,95,70,29,16,60,390,1,19.9975,73.7898,Medium
Aurangabad,140,75,65,33,20,58,380,1,19.8762,75.3433,Medium
Solapur,160,50,60,35,22,52,300,1,17.6599,75.9064,High
Kolhapur,130,120,78,28,15,64,450,1,16.705,74.2433,Medium
Satara,100,110,75,27,14,66,320,0,17.6805,74.0183,Low
Sangli,125,105,72,29,17,61,340,1,16.8524,74.5815,Medium
Amravati,150,80,68,34,21,57,290,1,20.932,77.7523,High
Akola,135,70,65,35,23,54,310,1,20.7002,77.0082,Medium
Yavatmal,145,85,70,33,24,53,280,1,20.3899,78.1307,High
Wardha,90,60,58,34,19,67,200,0,20.7453,78.6022,Low
Bhandara,85,95,72,32,18,69,180,0,21.1702,79.657,Low
Gondia,88,100,74,31,17,68,170,0,21.46,80.1986,Low
Chandrapur,155,90,76,34,25,50,220,1,19.9615,79.2961,High
Gadchiroli,140,120,80,30,26,48,150,1,20.1849,80,High
Latur,130,65,60,33,23,55,350,1,18.4088,76.5604,Medium
Osmanabad,120,55,58,34,22,56,300,0,18.186,76.0419,Low
Beed,150,70,62,33,24,54,320,1,18.9894,75.7601,High
Jalna,135,75,65,34,21,57,330,1,19.8347,75.8816,Medium
Parbhani,125,80,68,33,22,58,310,1,19.2608,76.7748,Medium
Hingoli,115,85,70,32,20,60,290,0,19.7174,77.148,Low
Nanded,140,95,72,31,23,55,340,1,19.1383,77.321,High
Dhule,110,60,55,35,19,62,280,0,20.9042,74.7749,Low
Nandurbar,105,120,78,30,25,50,220,1,21.365,74.2429,Medium
Jalgaon,130,70,60,34,20,59,360,1,21.0077,75.5626,Medium
Ahmednagar,120,65,58,33,18,61,300,0,19.0952,74.7496,Low
Thane,170,200,82,29,13,56,11500,1,19.2183,72.9781,High
Palghar,150,210,85,28,16,54,900,1,19.6967,72.765,High
Pune,135,90,70,30,15,63,603,1,18.5204,73.8567,Medium
Mumbai,190,220,82,29,12,54,20600,1,19.076,72.8777,High
Nagpur,100,65,57,34,19,66,470,0,21.1458,79.0882,Low
Nashik,115,100,72,29,16,61,390,1,19.9975,73.7898,Medium
Aurangabad,145,80,67,33,21,57,380,1,19.8762,75.3433,Medium
Solapur,165,55,62,35,23,51,300,1,17.6599,75.9064,High
Kolhapur,135,125,80,28,16,65,450,1,16.705,74.2433,Medium
Satara,105,115,76,27,15,67,320,0,17.6805,74.0183,Low
Sangli,130,110,74,29,18,60,340,1,16.8524,74.5815,Medium
Amravati,155,85,70,34,22,56,290,1,20.932,77.7523,High
Akola,140,75,67,35,24,53,310,1,20.7002,77.0082,Medium
Yavatmal,150,90,72,33,25,52,280,1,20.3899,78.1307,High
Wardha,95,65,60,34,20,66,200,0,20.7453,78.6022,Low
Bhandara,90,100,75,32,19,68,180,0,21.1702,79.657,Low
Gondia,92,105,76,31,18,67,170,0,21.46,80.1986,Low
Chandrapur,160,95,78,34,26,49,220,1,19.9615,79.2961,High
Gadchiroli,145,125,82,30,27,47,150,1,20.1849,80,High
Latur,135,70,62,33,24,54,350,1,18.4088,76.5604,Medium
Osmanabad,125,60,60,34,23,55,300,0,18.186,76.0419,Low
Beed,160,75,64,33,25,53,320,1,18.9894,75.7601,High
Jalna,145,80,68,34,22,56,330,1,19.8347,75.8816,Medium
Parbhani,135,85,70,33,23,57,310,1,19.2608,76.7748,Medium
Hingoli,120,90,72,32,21,59,290,0,19.7174,77.148,Low
Nanded,150,100,74,31,24,54,340,1,19.1383,77.321,High
Dhule,115,65,58,35,20,61,280,0,20.9042,74.7749,Low
Nandurbar,110,125,80,30,26,49,220,1,21.365,74.2429,Medium
Jalgaon,135,75,62,34,21,58,360,1,21.0077,75.5626,Medium
Ahmednagar,125,70,60,33,19,60,300,0,19.0952,74.7496,Low
Thane,180,210,84,28,13,55,11500,1,19.2183,72.9781,High
Palghar,160,220,87,27,17,53,900,1,19.6967,72.765,High
Raigad,150,230,90,26,16,57,450,1,18.5158,73.1822,High
Ratnagiri,130,260,92,25,15,59,200,0,16.9902,73.312,Medium
Sindhudurg,120,270,94,25,14,61,180,0,16.3492,73.5594,Medium
Pune,145,100,73,30,16,63,603,1,18.5204,73.8567,Medium
Mumbai,200,230,85,29,11,53,20600,1,19.076,72.8777,High
Nagpur,105,70,58,35,20,65,470,0,21.1458,79.0882,Low
Nashik,120,110,74,28,17,60,390,1,19.9975,73.7898,Medium
Aurangabad,150,85,68,33,22,57,380,1,19.8762,75.3433,Medium
Solapur,170,60,64,36,24,50,300,1,17.6599,75.9064,High
Kolhapur,140,130,82,27,16,64,450,1,16.705,74.2433,Medium
Satara,110,120,78,26,15,66,320,0,17.6805,74.0183,Low
Sangli,135,115,75,29,18,61,340,1,16.8524,74.5815,Medium
Amravati,160,90,72,34,23,55,290,1,20.932,77.7523,High
Akola,145,80,69,35,25,52,310,1,20.7002,77.0082,Medium
Yavatmal,155,95,74,33,26,51,280,1,20.3899,78.1307,High
Wardha,100,70,62,34,21,66,200,0,20.7453,78.6022,Low
Bhandara,95,105,77,32,20,68,180,0,21.1702,79.657,Low
Gondia,98,110,78,31,19,67,170,0,21.46,80.1986,Low
Chandrapur,165,100,80,35,27,48,220,1,19.9615,79.2961,High
Gadchiroli,150,130,84,30,28,46,150,1,20.1849,80,High
Pune,120,85,68,31,14,62,603,1,18.5204,73.8567,Medium
Mumbai,180,210,80,30,12,55,20600,1,19.076,72.8777,High
Nagpur,95,60,55,34,18,65,470,0,21.1458,79.0882,Low
Nashik,110,95,70,29,16,60,390,1,19.9975,73.7898,Medium
Aurangabad,140,75,65,33,20,58,380,1,19.8762,75.3433,Medium
Solapur,160,50,60,35,22,52,300,1,17.6599,75.9064,High
Kolhapur,130,120,78,28,15,64,450,1,16.705,74.2433,Medium
Satara,100,110,75,27,14,66,320,0,17.6805,74.0183,Low
Sangli,125,105,72,29,17,61,340,1,16.8524,74.5815,Medium
Amravati,150,80,68,34,21,57,290,1,20.932,77.7523,High
Akola,135,70,65,35,23,54,310,1,20.7002,77.0082,Medium
Yavatmal,145,85,70,33,24,53,280,1,20.3899,78.1307,High
Wardha,90,60,58,34,19,67,200,0,20.7453,78.6022,Low
Bhandara,85,95,72,32,18,69,180,0,21.1702,79.657,Low
Gondia,88,100,74,31,17,68,170,0,21.46,80.1986,Low
Chandrapur,155,90,76,34,25,50,220,1,19.9615,79.2961,High
Gadchiroli,140,120,80,30,26,48,150,1,20.1849,80,High
Latur,130,65,60,33,23,55,350,1,18.4088,76.5604,Medium
Osmanabad,120,55,58,34,22,56,300,0,18.186,76.0419,Low
Beed,150,70,62,33,24,54,320,1,18.9894,75.7601,High
Jalna,135,75,65,34,21,57,330,1,19.8347,75.8816,Medium
Parbhani,125,80,68,33,22,58,310,1,19.2608,76.7748,Medium
Hingoli,115,85,70,32,20,60,290,0,19.7174,77.148,Low
Nanded,140,95,72,31,23,55,340,1,19.1383,77.321,High
Dhule,110,60,55,35,19,62,280,0,20.9042,74.7749,Low
Nandurbar,105,120,78,30,25,50,220,1,21.365,74.2429,Medium
Jalgaon,130,70,60,34,20,59,360,1,21.0077,75.5626,Medium
Ahmednagar,120,65,58,33,18,61,300,0,19.0952,74.7496,Low
Thane,170,200,82,29,13,56,11500,1,19.2183,72.9781,High
Palghar,150,210,85,28,16,54,900,1,19.6967,72.765,High
Raigad,140,220,88,27,15,58,450,1,18.5158,73.1822,High
Ratnagiri,120,250,90,26,14,60,200,0,16.9902,73.312,Medium
Sindhudurg,110,260,92,26,13,62,180,0,16.3492,73.5594,Medium
Pune,135,90,70,30,15,63,603,1,18.5204,73.8567,Medium
Mumbai,190,220,82,29,12,54,20600,1,19.076,72.8777,High
Nagpur,100,65,57,34,19,66,470,0,21.1458,79.0882,Low
Nashik,115,100,72,29,16,61,390,1,19.9975,73.7898,Medium
Aurangabad,145,80,67,33,21,57,380,1,19.8762,75.3433,Medium
Solapur,165,55,62,35,23,51,300,1,17.6599,75.9064,High
Kolhapur,135,125,80,28,16,65,450,1,16.705,74.2433,Medium
Satara,105,115,76,27,15,67,320,0,17.6805,74.0183,Low
Sangli,130,110,74,29,18,60,340,1,16.8524,74.5815,Medium
Amravati,155,85,70,34,22,56,290,1,20.932,77.7523,High
Akola,140,75,67,35,24,53,310,1,20.7002,77.0082,Medium
Yavatmal,150,90,72,33,25,52,280,1,20.3899,78.1307,High
Wardha,95,65,60,34,20,66,200,0,20.7453,78.6022,Low
Bhandara,90,100,75,32,19,68,180,0,21.1702,79.657,Low
Gondia,92,105,76,31,18,67,170,0,21.46,80.1986,Low
Chandrapur,160,95,78,34,26,49,220,1,19.9615,79.2961,High
Gadchiroli,145,125,82,30,27,47,150,1,20.1849,80,High
Latur,135,70,62,33,24,54,350,1,18.4088,76.5604,Medium
Osmanabad,125,60,60,34,23,55,300,0,18.186,76.0419,Low
Beed,160,75,64,33,25,53,320,1,18.9894,75.7601,High
Jalna,145,80,68,34,22,56,330,1,19.8347,75.8816,Medium
Parbhani,135,85,70,33,23,57,310,1,19.2608,76.7748,Medium
Hingoli,120,90,72,32,21,59,290,0,19.7174,77.148,Low
Nanded,150,100,74,31,24,54,340,1,19.1383,77.321,High
Dhule,115,65,58,35,20,61,280,0,20.9042,74.7749,Low
Nandurbar,110,125,80,30,26,49,220,1,21.365,74.2429,Medium
Jalgaon,135,75,62,34,21,58,360,1,21.0077,75.5626,Medium
Ahmednagar,125,70,60,33,19,60,300,0,19.0952,74.7496,Low
Thane,180,210,84,28,13,55,11500,1,19.2183,72.9781,High
Palghar,160,220,87,27,17,53,900,1,19.6967,72.765,High
Raigad,150,230,90,26,16,57,450,1,18.5158,73.1822,High
Ratnagiri,130,260,92,25,15,59,200,0,16.9902,73.312,Medium
Sindhudurg,120,270,94,25,14,61,180,0,16.3492,73.5594,Medium
Pune,170,120,78,30,18,64,603,1,18.5204,73.8567,Medium
Mumbai,260,290,92,29,10,50,20600,1,19.076,72.8777,High
Nagpur,135,95,66,35,25,62,470,0,21.1458,79.0882,Low
Nashik,150,140,80,28,20,60,390,1,19.9975,73.7898,Medium
Aurangabad,180,115,74,33,25,54,380,1,19.8762,75.3433,Medium
Solapur,200,90,70,36,30,45,300,1,17.6599,75.9064,High
Kolhapur,170,160,88,27,20,64,450,1,16.705,74.2433,Medium
Satara,140,150,84,26,18,66,320,0,17.6805,74.0183,Low
Sangli,165,145,82,29,24,60,340,1,16.8524,74.5815,Medium
Amravati,190,120,79,34,29,53,290,1,20.932,77.7523,High
Akola,175,110,76,35,31,48,310,1,20.7002,77.0082,Medium
Yavatmal,185,125,81,33,32,46,280,1,20.3899,78.1307,High
Wardha,130,100,70,34,27,63,200,0,20.7453,78.6022,Low
Bhandara,125,135,85,32,26,65,180,0,21.1702,79.657,Low
Gondia,128,140,86,31,25,64,170,0,21.46,80.1986,Low
Chandrapur,195,130,88,35,33,43,220,1,19.9615,79.2961,High
Gadchiroli,180,160,92,30,34,41,150,1,20.1849,80,High
Latur,160,100,68,33,27,52,350,1,18.4088,76.5604,Medium
Osmanabad,150,90,66,34,26,53,300,0,18.186,76.0419,Low
Beed,185,105,70,33,28,51,320,1,18.9894,75.7601,High
Jalna,170,110,74,34,25,54,330,1,19.8347,75.8816,Medium
Parbhani,160,115,76,33,26,55,310,1,19.2608,76.7748,Medium
Hingoli,145,120,78,32,24,57,290,0,19.7174,77.148,Low
Nanded,175,130,80,31,27,52,340,1,19.1383,77.321,High
Dhule,140,95,64,35,23,59,280,0,20.9042,74.7749,Low
Nandurbar,135,150,86,30,29,47,220,1,21.365,74.2429,Medium
Jalgaon,160,105,68,34,24,56,360,1,21.0077,75.5626,Medium
Ahmednagar,150,100,66,33,22,58,300,0,19.0952,74.7496,Low
Thane,210,240,90,28,12,53,11500,1,19.2183,72.9781,High
Palghar,190,250,93,27,19,51,900,1,19.6967,72.765,High
Raigad,180,260,95,26,18,55,450,1,18.5158,73.1822,High
Ratnagiri,160,290,97,25,16,57,200,0,16.9902,73.312,Medium
Sindhudurg,150,300,98,25,15,59,180,0,16.3492,73.5594,Medium
Pune,175,125,79,30,18,64,603,1,18.5204,73.8567,Medium
Mumbai,270,300,94,29,10,49,20600,1,19.076,72.8777,High
Nagpur,140,100,67,35,26,62,470,0,21.1458,79.0882,Low
Nashik,155,145,81,28,20,60,390,1,19.9975,73.7898,Medium
Aurangabad,185,120,75,33,25,54,380,1,19.8762,75.3433,Medium
Solapur,205,95,71,36,30,45,300,1,17.6599,75.9064,High
Kolhapur,175,165,89,27,20,64,450,1,16.705,74.2433,Medium
Satara,145,155,85,26,18,66,320,0,17.6805,74.0183,Low
Sangli,170,150,83,29,24,60,340,1,16.8524,74.5815,Medium
Amravati,195,125,80,34,29,53,290,1,20.932,77.7523,High
Akola,180,115,77,35,31,48,310,1,20.7002,77.0082,Medium
Yavatmal,190,130,82,33,32,46,280,1,20.3899,78.1307,High
Wardha,135,105,71,34,27,63,200,0,20.7453,78.6022,Low
Bhandara,130,140,86,32,26,65,180,0,21.1702,79.657,Low
Gondia,132,145,87,31,25,64,170,0,21.46,80.1986,Low
Chandrapur,200,135,89,35,33,43,220,1,19.9615,79.2961,High
Gadchiroli,185,165,93,30,34,41,150,1,20.1849,80,High
Pune,180,130,80,30,19,62,603,1,18.5204,73.8567,Medium
Mumbai,280,310,94,29,10,49,20600,1,19.076,72.8777,High
Nagpur,145,105,69,35,27,62,470,0,21.1458,79.0882,Low
Nashik,160,150,82,28,21,60,390,1,19.9975,73.7898,Medium
Aurangabad,190,125,76,33,26,54,380,1,19.8762,75.3433,Medium
Solapur,210,100,72,36,31,45,300,1,17.6599,75.9064,High
Kolhapur,180,170,90,27,21,64,450,1,16.705,74.2433,Medium
Satara,150,160,86,26,19,66,320,0,17.6805,74.0183,Low
Sangli,175,155,84,29,25,60,340,1,16.8524,74.5815,Medium
Amravati,200,130,81,34,30,53,290,1,20.932,77.7523,High
Akola,185,120,78,35,32,48,310,1,20.7002,77.0082,Medium
Yavatmal,195,135,83,33,33,46,280,1,20.3899,78.1307,High
Wardha,140,110,71,34,28,63,200,0,20.7453,78.6022,Low
Bhandara,135,145,86,32,27,65,180,0,21.1702,79.657,Low
Gondia,138,150,87,31,26,64,170,0,21.46,80.1986,Low
Chandrapur,205,140,89,35,34,43,220,1,19.9615,79.2961,High
Gadchiroli,190,170,93,30,35,41,150,1,20.1849,80,High
Latur,175,110,70,33,28,52,350,1,18.4088,76.5604,Medium
Osmanabad,165,100,68,34,27,53,300,0,18.186,76.0419,Low
Beed,195,115,72,33,29,51,320,1,18.9894,75.7601,High
Jalna,180,120,76,34,26,54,330,1,19.8347,75.8816,Medium
Parbhani,170,125,78,33,27,55,310,1,19.2608,76.7748,Medium
Hingoli,155,130,80,32,25,57,290,0,19.7174,77.148,Low
Nanded,185,140,82,31,28,52,340,1,19.1383,77.321,High
Dhule,150,105,66,35,24,59,280,0,20.9042,74.7749,Low
Nandurbar,145,165,88,30,30,47,220,1,21.365,74.2429,Medium
Jalgaon,170,115,70,34,25,56,360,1,21.0077,75.5626,Medium
Ahmednagar,160,110,68,33,23,58,300,0,19.0952,74.7496,Low
Thane,230,260,92,28,12,53,11500,1,19.2183,72.9781,High
Palghar,210,270,95,27,21,51,900,1,19.6967,72.765,High
Raigad,200,280,97,26,20,55,450,1,18.5158,73.1822,High
Ratnagiri,180,310,99,25,18,57,200,0,16.9902,73.312,Medium
Sindhudurg,170,320,100,25,17,59,180,0,16.3492,73.5594,Medium
Pune,200,150,84,30,21,62,603,1,18.5204,73.8567,Medium
Mumbai,320,350,98,29,10,48,20600,1,19.076,72.8777,High
Nagpur,165,125,74,35,30,62,470,0,21.1458,79.0882,Low
Nashik,180,170,86,28,23,60,390,1,19.9975,73.7898,Medium
Aurangabad,210,145,80,33,29,54,380,1,19.8762,75.3433,Medium
Solapur,230,120,76,36,35,45,300,1,17.6599,75.9064,High
Kolhapur,200,190,94,27,24,64,450,1,16.705,74.2433,Medium
Satara,170,180,90,26,22,66,320,0,17.6805,74.0183,Low
Sangli,195,175,88,29,28,60,340,1,16.8524,74.5815,Medium
Amravati,220,150,85,34,34,53,290,1,20.932,77.7523,High
Akola,205,140,82,35,36,48,310,1,20.7002,77.0082,Medium
Yavatmal,215,155,87,33,37,46,280,1,20.3899,78.1307,High
Wardha,160,130,75,34,31,63,200,0,20.7453,78.6022,Low
Bhandara,155,165,90,32,30,65,180,0,21.1702,79.657,Low
Gondia,158,170,91,31,29,64,170,0,21.46,80.1986,Low
Chandrapur,225,160,93,35,38,43,220,1,19.9615,79.2961,High
Gadchiroli,210,190,97,30,39,41,150,1,20.1849,80,High
Latur,185,120,74,33,30,52,350,1,18.4088,76.5604,Medium
Osmanabad,175,110,72,34,29,53,300,0,18.186,76.0419,Low
Beed,210,125,76,33,31,51,320,1,18.9894,75.7601,High
Jalna,195,130,80,34,28,54,330,1,19.8347,75.8816,Medium
Parbhani,185,135,82,33,29,55,310,1,19.2608,76.7748,Medium
Hingoli,170,140,84,32,27,57,290,0,19.7174,77.148,Low
Nanded,200,150,86,31,30,52,340,1,19.1383,77.321,High
Dhule,165,115,70,35,26,59,280,0,20.9042,74.7749,Low
Nandurbar,160,175,92,30,32,47,220,1,21.365,74.2429,Medium
Jalgaon,185,125,74,34,27,56,360,1,21.0077,75.5626,Medium
Ahmednagar,175,120,72,33,25,58,300,0,19.0952,74.7496,Low
Thane,250,280,96,28,12,53,11500,1,19.2183,72.9781,High
Palghar,230,290,99,27,23,51,900,1,19.6967,72.765,High
Raigad,220,300,100,26,22,55,450,1,18.5158,73.1822,High
Ratnagiri,200,330,100,25,20,57,200,0,16.9902,73.312,Medium
Sindhudurg,190,340,100,25,19,59,180,0,16.3492,73.5594,Medium
Pune,205,155,85,30,21,62,603,1,18.5204,73.8567,Medium
Mumbai,330,360,99,29,10,48,20600,1,19.076,72.8777,High
Nagpur,170,130,75,35,31,62,470,0,21.1458,79.0882,Low
Nashik,185,175,87,28,24,60,390,1,19.9975,73.7898,Medium
Aurangabad,215,150,81,33,29,54,380,1,19.8762,75.3433,Medium
Solapur,235,125,77,36,35,45,300,1,17.6599,75.9064,High
Kolhapur,205,195,95,27,24,64,450,1,16.705,74.2433,Medium
Satara,175,185,91,26,22,66,320,0,17.6805,74.0183,Low
Sangli,200,180,89,29,28,60,340,1,16.8524,74.5815,Medium
Amravati,225,155,86,34,34,53,290,1,20.932,77.7523,High
Akola,210,145,83,35,36,48,310,1,20.7002,77.0082,Medium
Yavatmal,220,160,88,33,37,46,280,1,20.3899,78.1307,High
Wardha,165,135,76,34,31,63,200,0,20.7453,78.6022,Low
Bhandara,160,170,91,32,30,65,180,0,21.1702,79.657,Low
Gondia,162,175,92,31,29,64,170,0,21.46,80.1986,Low
Chandrapur,230,165,94,35,38,43,220,1,19.9615,79.2961,High
Gadchiroli,215,195,98,30,39,41,150,1,20.1849,80,High
Pune,210,160,86,30,22,62,603,1,18.5204,73.8567,Medium
Mumbai,340,370,100,29,10,47,20600,1,19.076,72.8777,High
Nagpur,175,135,76,35,32,62,470,0,21.1458,79.0882,Low
Nashik,190,180,88,28,24,60,390,1,19.9975,73.7898,Medium
Aurangabad,220,155,82,33,30,54,380,1,19.8762,75.3433,Medium
Solapur,240,130,78,36,36,45,300,1,17.6599,75.9064,High
Kolhapur,210,200,96,27,25,64,450,1,16.705,74.2433,Medium
Satara,180,190,92,26,23,66,320,0,17.6805,74.0183,Low
Sangli,205,185,90,29,29,60,340,1,16.8524,74.5815,Medium
Amravati,230,160,87,34,35,53,290,1,20.932,77.7523,High
Akola,215,150,84,35,37,48,310,1,20.7002,77.0082,Medium
Yavatmal,225,165,89,33,38,46,280,1,20.3899,78.1307,High
Wardha,170,140,77,34,32,63,200,0,20.7453,78.6022,Low
Bhandara,165,175,92,32,31,65,180,0,21.1702,79.657,Low
Gondia,168,180,93,31,30,64,170,0,21.46,80.1986,Low
Chandrapur,235,170,95,35,39,43,220,1,19.9615,79.2961,High
Gadchiroli,220,200,99,30,40,41,150,1,20.1849,80,High
Latur,195,130,76,33,31,52,350,1,18.4088,76.5604,Medium
Osmanabad,185,120,74,34,30,53,300,0,18.186,76.0419,Low
Beed,220,135,78,33,32,51,320,1,18.9894,75.7601,High
Jalna,205,140,82,34,29,54,330,1,19.8347,75.8816,Medium
Parbhani,195,145,84,33,30,55,310,1,19.2608,76.7748,Medium
Hingoli,180,150,86,32,28,57,290,0,19.7174,77.148,Low
Nanded,210,160,88,31,31,52,340,1,19.1383,77.321,High
Dhule,175,125,72,35,27,59,280,0,20.9042,74.7749,Low
Nandurbar,170,185,94,30,33,47,220,1,21.365,74.2429,Medium
Jalgaon,195,135,76,34,28,56,360,1,21.0077,75.5626,Medium
Ahmednagar,185,130,74,33,26,58,300,0,19.0952,74.7496,Low
Thane,260,290,98,28,12,53,11500,1,19.2183,72.9781,High
Palghar,240,300,100,27,24,51,900,1,19.6967,72.765,High
Raigad,230,310,100,26,23,55,450,1,18.5158,73.1822,High
Ratnagiri,210,340,100,25,21,57,200,0,16.9902,73.312,Medium
Sindhudurg,200,350,100,25,20,59,180,0,16.3492,73.5594,Medium
Pune,215,165,87,30,22,62,603,1,18.5204,73.8567,Medium
Mumbai,350,380,100,29,10,47,20600,1,19.076,72.8777,High
Nagpur,180,140,77,35,33,62,470,0,21.1458,79.0882,Low
Nashik,195,185,89,28,25,60,390,1,19.9975,73.7898,Medium
Aurangabad,225,160,83,33,30,54,380,1,19.8762,75.3433,Medium
Solapur,245,135,79,36,36,45,300,1,17.6599,75.9064,High
Kolhapur,215,205,97,27,25,64,450,1,16.705,74.2433,Medium
Satara,185,195,93,26,23,66,320,0,17.6805,74.0183,Low
Sangli,210,190,91,29,29,60,340,1,16.8524,74.5815,Medium
Amravati,235,165,88,34,35,53,290,1,20.932,77.7523,High
Akola,220,155,85,35,37,48,310,1,20.7002,77.0082,Medium
Yavatmal,230,170,90,33,38,46,280,1,20.3899,78.1307,High
Wardha,175,145,78,34,32,63,200,0,20.7453,78.6022,Low
Bhandara,170,180,93,32,31,65,180,0,21.1702,79.657,Low
Gondia,172,185,94,31,30,64,170,0,21.46,80.1986,Low
Chandrapur,240,175,96,35,39,43,220,1,19.9615,79.2961,High
Gadchiroli,225,205,100,30,40,41,150,1,20.1849,80,High
Pune,220,170,88,30,23,62,603,1,18.5204,73.8567,Medium
Mumbai,360,390,100,29,10,47,20600,1,19.076,72.8777,High
Nagpur,185,145,78,35,34,62,470,0,21.1458,79.0882,Low
Nashik,200,190,90,28,26,60,390,1,19.9975,73.7898,Medium
Aurangabad,230,165,84,33,31,54,380,1,19.8762,75.3433,Medium
Solapur,250,140,80,36,37,45,300,1,17.6599,75.9064,High
Kolhapur,220,210,98,27,26,64,450,1,16.705,74.2433,Medium
Satara,190,200,94,26,24,66,320,0,17.6805,74.0183,Low
Sangli,215,195,92,29,30,60,340,1,16.8524,74.5815,Medium
Amravati,240,170,89,34,36,53,290,1,20.932,77.7523,High
Akola,225,160,86,35,38,48,310,1,20.7002,77.0082,Medium
Yavatmal,235,175,91,33,39,46,280,1,20.3899,78.1307,High
Wardha,180,150,79,34,33,63,200,0,20.7453,78.6022,Low
Bhandara,175,185,94,32,32,65,180,0,21.1702,79.657,Low
Gondia,178,190,95,31,31,64,170,0,21.46,80.1986,Low
Chandrapur,245,180,97,35,40,43,220,1,19.9615,79.2961,High
Gadchiroli,230,210,100,30,41,41,150,1,20.1849,80,High
Latur,205,140,78,33,32,52,350,1,18.4088,76.5604,Medium
Osmanabad,195,130,76,34,31,53,300,0,18.186,76.0419,Low
Beed,230,145,80,33,33,51,320,1,18.9894,75.7601,High
Jalna,215,150,84,34,30,54,330,1,19.8347,75.8816,Medium
Parbhani,205,155,86,33,31,55,310,1,19.2608,76.7748,Medium
Hingoli,190,160,88,32,29,57,290,0,19.7174,77.148,Low
Nanded,220,170,90,31,32,52,340,1,19.1383,77.321,High
Dhule,185,135,74,35,28,59,280,0,20.9042,74.7749,Low
Nandurbar,180,195,96,30,34,47,220,1,21.365,74.2429,Medium
Jalgaon,205,145,78,34,29,56,360,1,21.0077,75.5626,Medium
Ahmednagar,195,140,76,33,27,58,300,0,19.0952,74.7496,Low
Thane,270,300,100,28,12,53,11500,1,19.2183,72.9781,High
Palghar,250,310,100,27,25,51,900,1,19.6967,72.765,High
Raigad,240,320,100,26,24,55,450,1,18.5158,73.1822,High
Ratnagiri,220,350,100,25,22,57,200,0,16.9902,73.312,Medium
Sindhudurg,210,360,100,25,21,59,180,0,16.3492,73.5594,Medium
Pune,225,175,89,30,23,62,603,1,18.5204,73.8567,Medium
Mumbai,370,400,100,29,10,47,20600,1,19.076,72.8777,High
Nagpur,190,150,79,35,35,62,470,0,21.1458,79.0882,Low
Nashik,205,195,91,28,26,60,390,1,19.9975,73.7898,Medium
Aurangabad,235,170,85,33,31,54,380,1,19.8762,75.3433,Medium
Solapur,255,145,81,36,37,45,300,1,17.6599,75.9064,High
Kolhapur,225,215,99,27,26,64,450,1,16.705,74.2433,Medium
Satara,195,205,95,26,24,66,320,0,17.6805,74.0183,Low
Sangli,220,200,93,29,30,60,340,1,16.8524,74.5815,Medium
Amravati,245,175,90,34,36,53,290,1,20.932,77.7523,High
Akola,230,165,87,35,38,48,310,1,20.7002,77.0082,Medium
Yavatmal,240,180,92,33,39,46,280,1,20.3899,78.1307,High
Wardha,185,155,80,34,33,63,200,0,20.7453,78.6022,Low
Bhandara,180,190,95,32,32,65,180,0,21.1702,79.657,Low
Gondia,182,195,96,31,31,64,170,0,21.46,80.1986,Low
Chandrapur,250,185,98,35,40,43,220,1,19.9615,79.2961,High
Gadchiroli,235,215,100,30,41,41,150,1,20.1849,80,High
Pune,230,180,90,30,24,62,603,1,18.5204,73.8567,Medium
Mumbai,380,410,100,29,10,46,20600,1,19.076,72.8777,High
Nagpur,195,155,80,35,36,62,470,0,21.1458,79.0882,Low
Nashik,210,200,92,28,27,60,390,1,19.9975,73.7898,Medium
Aurangabad,240,175,86,33,32,54,380,1,19.8762,75.3433,Medium
Solapur,260,150,82,36,38,45,300,1,17.6599,75.9064,High
Kolhapur,230,220,100,27,27,64,450,1,16.705,74.2433,Medium
Satara,200,210,96,26,25,66,320,0,17.6805,74.0183,Low
Sangli,225,205,94,29,31,60,340,1,16.8524,74.5815,Medium
Amravati,250,180,91,34,37,53,290,1,20.932,77.7523,High
Akola,235,170,88,35,39,48,310,1,20.7002,77.0082,Medium
Yavatmal,245,185,93,33,40,46,280,1,20.3899,78.1307,High
Wardha,190,160,81,34,34,63,200,0,20.7453,78.6022,Low
Bhandara,185,195,96,32,33,65,180,0,21.1702,79.657,Low
Gondia,188,200,97,31,32,64,170,0,21.46,80.1986,Low
Chandrapur,255,190,99,35,41,43,220,1,19.9615,79.2961,High
Gadchiroli,240,220,100,30,42,41,150,1,20.1849,80,High
Latur,215,150,80,33,33,52,350,1,18.4088,76.5604,Medium
Osmanabad,205,140,78,34,32,53,300,0,18.186,76.0419,Low
Beed,240,155,82,33,34,51,320,1,18.9894,75.7601,High
Jalna,225,160,86,34,31,54,330,1,19.8347,75.8816,Medium
Parbhani,215,165,88,33,32,55,310,1,19.2608,76.7748,Medium
Hingoli,200,170,90,32,30,57,290,0,19.7174,77.148,Low
Nanded,230,180,92,31,33,52,340,1,19.1383,77.321,High
Dhule,195,145,76,35,29,59,280,0,20.9042,74.7749,Low
Nandurbar,190,205,98,30,35,47,220,1,21.365,74.2429,Medium
Jalgaon,215,155,80,34,30,56,360,1,21.0077,75.5626,Medium
Ahmednagar,205,150,78,33,28,58,300,0,19.0952,74.7496,Low
Thane,280,310,100,28,12,53,11500,1,19.2183,72.9781,High
Palghar,260,320,100,27,26,51,900,1,19.6967,72.765,High
Raigad,250,330,100,26,25,55,450,1,18.5158,73.1822,High
Ratnagiri,230,360,100,25,23,57,200,0,16.9902,73.312,Medium
Sindhudurg,220,370,100,25,22,59,180,0,16.3492,73.5594,Medium
Pune,235,185,91,30,24,62,603,1,18.5204,73.8567,Medium
Mumbai,390,420,100,29,10,46,20600,1,19.076,72.8777,High
Nagpur,200,160,81,35,37,62,470,0,21.1458,79.0882,Low
Nashik,215,205,93,28,27,60,390,1,19.9975,73.7898,Medium
Aurangabad,245,180,87,33,32,54,380,1,19.8762,75.3433,Medium
Solapur,265,155,83,36,38,45,300,1,17.6599,75.9064,High
Kolhapur,235,225,100,27,27,64,450,1,16.705,74.2433,Medium
Satara,205,215,97,26,25,66,320,0,17.6805,74.0183,Low
Sangli,230,210,95,29,31,60,340,1,16.8524,74.5815,Medium
Amravati,255,185,92,34,37,53,290,1,20.932,77.7523,High
Akola,240,175,89,35,39,48,310,1,20.7002,77.0082,Medium
Yavatmal,250,190,94,33,40,46,280,1,20.3899,78.1307,High
Wardha,195,165,82,34,34,63,200,0,20.7453,78.6022,Low
Bhandara,190,200,97,32,33,65,180,0,21.1702,79.657,Low
Gondia,192,205,98,31,32,64,170,0,21.46,80.1986,Low
Chandrapur,260,195,100,35,41,43,220,1,19.9615,79.2961,High
Gadchiroli,245,225,100,30,42,41,150,1,20.1849,80,High
Pune,240,190,92,30,25,62,603,1,18.5204,73.8567,Medium
Mumbai,400,430,100,29,10,46,20600,1,19.076,72.8777,High
Nagpur,205,165,82,35,38,62,470,0,21.1458,79.0882,Low
Nashik,220,210,94,28,28,60,390,1,19.9975,73.7898,Medium
Aurangabad,250,185,88,33,33,54,380,1,19.8762,75.3433,Medium
Solapur,270,160,84,36,39,45,300,1,17.6599,75.9064,High
Kolhapur,240,230,100,27,28,64,450,1,16.705,74.2433,Medium
Satara,210,220,98,26,26,66,320,0,17.6805,74.0183,Low
Sangli,235,215,96,29,32,60,340,1,16.8524,74.5815,Medium
Amravati,260,190,93,34,38,53,290,1,20.932,77.7523,High
Akola,245,180,90,35,40,48,310,1,20.7002,77.0082,Medium
Yavatmal,255,195,95,33,41,46,280,1,20.3899,78.1307,High
Wardha,200,170,83,34,35,63,200,0,20.7453,78.6022,Low
Bhandara,195,205,98,32,34,65,180,0,21.1702,79.657,Low
Gondia,198,210,99,31,33,64,170,0,21.46,80.1986,Low
Chandrapur,265,200,100,35,42,43,220,1,19.9615,79.2961,High
Gadchiroli,250,230,100,30,43,41,150,1,20.1849,80,High
Latur,225,160,82,33,34,52,350,1,18.4088,76.5604,Medium
Osmanabad,215,150,80,34,33,53,300,0,18.186,76.0419,Low
Beed,250,165,84,33,35,51,320,1,18.9894,75.7601,High
Jalna,235,170,88,34,32,54,330,1,19.8347,75.8816,Medium
Parbhani,225,175,90,33,33,55,310,1,19.2608,76.7748,Medium
Hingoli,210,180,92,32,31,57,290,0,19.7174,77.148,Low
Nanded,240,190,94,31,34,52,340,1,19.1383,77.321,High
Dhule,205,155,78,35,30,59,280,0,20.9042,74.7749,Low
Nandurbar,200,215,100,30,36,47,220,1,21.365,74.2429,Medium
Jalgaon,225,165,82,34,31,56,360,1,21.0077,75.5626,Medium
Ahmednagar,215,160,80,33,29,58,300,0,19.0952,74.7496,Low
Thane,290,320,100,28,12,53,11500,1,19.2183,72.9781,High
Palghar,270,330,100,27,27,51,900,1,19.6967,72.765,High
Raigad,260,340,100,26,26,55,450,1,18.5158,73.1822,High
Ratnagiri,240,370,100,25,24,57,200,0,16.9902,73.312,Medium
Sindhudurg,230,380,100,25,23,59,180,0,16.3492,73.5594,Medium
Pune,245,195,93,30,25,62,603,1,18.5204,73.8567,Medium
Mumbai,410,440,100,29,10,46,20600,1,19.076,72.8777,High
Nagpur,210,170,83,35,39,62,470,0,21.1458,79.0882,Low
Nashik,225,215,95,28,28,60,390,1,19.9975,73.7898,Medium
Aurangabad,255,190,89,33,33,54,380,1,19.8762,75.3433,Medium
Solapur,275,165,85,36,39,45,300,1,17.6599,75.9064,High
Kolhapur,245,235,100,27,28,64,450,1,16.705,74.2433,Medium
Satara,215,225,99,26,26,66,320,0,17.6805,74.0183,Low
Sangli,240,220,97,29,32,60,340,1,16.8524,74.5815,Medium
Amravati,265,195,94,34,38,53,290,1,20.932,77.7523,High
Akola,250,185,91,35,40,48,310,1,20.7002,77.0082,Medium
Yavatmal,260,200,96,33,41,46,280,1,20.3899,78.1307,High
Wardha,205,175,84,34,35,63,200,0,20.7453,78.6022,Low
Bhandara,200,210,99,32,34,65,180,0,21.1702,79.657,Low
Gondia,202,215,100,31,33,64,170,0,21.46,80.1986,Low
Chandrapur,270,205,100,35,42,43,220,1,19.9615,79.2961,High
Gadchiroli,255,235,100,30,43,41,150,1,20.1849,80,High
Pune,255,200,94,30,26,62,603,1,18.5204,73.8567,Medium
Mumbai,420,450,100,29,10,45,20600,1,19.076,72.8777,High
Nagpur,215,175,85,35,40,62,470,0,21.1458,79.0882,Low
Nashik,230,220,96,28,29,60,390,1,19.9975,73.7898,Medium
Aurangabad,265,200,90,33,34,54,380,1,19.8762,75.3433,Medium
Solapur,285,175,87,36,40,45,300,1,17.6599,75.9064,High
Kolhapur,255,245,100,27,29,64,450,1,16.705,74.2433,Medium
Satara,225,235,100,26,27,66,320,0,17.6805,74.0183,Low
Sangli,250,230,98,29,33,60,340,1,16.8524,74.5815,Medium
Amravati,275,205,95,34,39,53,290,1,20.932,77.7523,High
Akola,260,195,92,35,41,48,310,1,20.7002,77.0082,Medium
Yavatmal,270,210,97,33,42,46,280,1,20.3899,78.1307,High
Wardha,210,180,86,34,36,63,200,0,20.7453,78.6022,Low
Bhandara,205,215,100,32,35,65,180,0,21.1702,79.657,Low
Gondia,208,220,100,31,34,64,170,0,21.46,80.1986,Low
Chandrapur,280,215,100,35,43,43,220,1,19.9615,79.2961,High
Gadchiroli,265,245,100,30,44,41,150,1,20.1849,80,High
Latur,240,175,85,33,35,52,350,1,18.4088,76.5604,Medium
Osmanabad,230,165,83,34,34,53,300,0,18.186,76.0419,Low
Beed,265,180,87,33,36,51,320,1,18.9894,75.7601,High
Jalna,250,185,90,34,33,54,330,1,19.8347,75.8816,Medium
Parbhani,240,190,92,33,34,55,310,1,19.2608,76.7748,Medium
Hingoli,225,195,94,32,32,57,290,0,19.7174,77.148,Low
Nanded,255,205,96,31,35,52,340,1,19.1383,77.321,High
Dhule,220,170,80,35,31,59,280,0,20.9042,74.7749,Low
Nandurbar,215,230,100,30,37,47,220,1,21.365,74.2429,Medium
Jalgaon,240,180,85,34,32,56,360,1,21.0077,75.5626,Medium
Ahmednagar,230,175,83,33,30,58,300,0,19.0952,74.7496,Low
Thane,300,340,100,28,12,53,11500,1,19.2183,72.9781,High
Palghar,280,350,100,27,28,51,900,1,19.6967,72.765,High
Raigad,270,360,100,26,27,55,450,1,18.5158,73.1822,High
Ratnagiri,250,390,100,25,25,57,200,0,16.9902,73.312,Medium
Sindhudurg,240,400,100,25,24,59,180,0,16.3492,73.5594,Medium
Pune,260,205,95,30,26,62,603,1,18.5204,73.8567,Medium
Mumbai,430,460,100,29,10,45,20600,1,19.076,72.8777,High
Nagpur,220,180,86,35,41,62,470,0,21.1458,79.0882,Low
Nashik,235,225,97,28,29,60,390,1,19.9975,73.7898,Medium
Aurangabad,270,205,91,33,34,54,380,1,19.8762,75.3433,Medium
Solapur,290,180,88,36,40,45,300,1,17.6599,75.9064,High
Kolhapur,260,250,100,27,29,64,450,1,16.705,74.2433,Medium
Satara,230,240,100,26,27,66,320,0,17.6805,74.0183,Low
Sangli,255,235,99,29,33,60,340,1,16.8524,74.5815,Medium
Amravati,280,210,96,34,39,53,290,1,20.932,77.7523,High
Akola,265,200,93,35,41,48,310,1,20.7002,77.0082,Medium
Yavatmal,275,215,98,33,42,46,280,1,20.3899,78.1307,High
Wardha,215,185,87,34,36,63,200,0,20.7453,78.6022,Low
Bhandara,210,220,100,32,35,65,180,0,21.1702,79.657,Low
Gondia,212,225,100,31,34,64,170,0,21.46,80.1986,Low
Chandrapur,285,220,100,35,43,43,220,1,19.9615,79.2961,High
Gadchiroli,270,250,100,30,44,41,150,1,20.1849,80,High
Pune,265,210,96,30,27,62,603,1,18.5204,73.8567,Medium
Mumbai,440,470,100,29,10,45,20600,1,19.076,72.8777,High
Nagpur,225,185,87,35,42,62,470,0,21.1458,79.0882,Low
Nashik,240,230,98,28,30,60,390,1,19.9975,73.7898,Medium
Aurangabad,275,210,92,33,35,54,380,1,19.8762,75.3433,Medium
Solapur,295,185,90,36,41,45,300,1,17.6599,75.9064,High
Kolhapur,265,255,100,27,30,64,450,1,16.705,74.2433,Medium
Satara,235,245,100,26,28,66,320,0,17.6805,74.0183,Low
Sangli,260,240,100,29,34,60,340,1,16.8524,74.5815,Medium
Amravati,285,215,97,34,40,53,290,1,20.932,77.7523,High
Akola,270,205,94,35,42,48,310,1,20.7002,77.0082,Medium
Yavatmal,280,220,99,33,43,46,280,1,20.3899,78.1307,High
Wardha,220,190,88,34,37,63,200,0,20.7453,78.6022,Low
Bhandara,215,225,100,32,36,65,180,0,21.1702,79.657,Low
Gondia,218,230,100,31,35,64,170,0,21.46,80.1986,Low
Chandrapur,290,225,100,35,44,43,220,1,19.9615,79.2961,High
Gadchiroli,275,255,100,30,45,41,150,1,20.1849,80,High
Latur,250,185,87,33,36,52,350,1,18.4088,76.5604,Medium
Osmanabad,240,175,85,34,35,53,300,0,18.186,76.0419,Low
Beed,275,190,90,33,37,51,320,1,18.9894,75.7601,High
Jalna,260,195,92,34,34,54,330,1,19.8347,75.8816,Medium
Parbhani,250,200,94,33,35,55,310,1,19.2608,76.7748,Medium
Hingoli,235,205,96,32,33,57,290,0,19.7174,77.148,Low
Nanded,265,215,98,31,36,52,340,1,19.1383,77.321,High
Dhule,230,180,82,35,32,59,280,0,20.9042,74.7749,Low
Nandurbar,225,240,100,30,38,47,220,1,21.365,74.2429,Medium
Jalgaon,250,190,87,34,33,56,360,1,21.0077,75.5626,Medium
Ahmednagar,240,185,85,33,31,58,300,0,19.0952,74.7496,Low
Thane,310,350,100,28,12,53,11500,1,19.2183,72.9781,High
Palghar,290,360,100,27,29,51,900,1,19.6967,72.765,High
Raigad,280,370,100,26,28,55,450,1,18.5158,73.1822,High
Ratnagiri,260,400,100,25,26,57,200,0,16.9902,73.312,Medium
Sindhudurg,250,410,100,25,25,59,180,0,16.3492,73.5594,Medium
Pune,270,215,97,30,27,62,603,1,18.5204,73.8567,Medium
Mumbai,450,480,100,29,10,45,20600,1,19.076,72.8777,High
Nagpur,230,190,88,35,43,62,470,0,21.1458,79.0882,Low
Nashik,245,235,99,28,30,60,390,1,19.9975,73.7898,Medium
Aurangabad,280,215,93,33,35,54,380,1,19.8762,75.3433,Medium
Solapur,300,190,91,36,41,45,300,1,17.6599,75.9064,High
Kolhapur,270,260,100,27,30,64,450,1,16.705,74.2433,Medium
Satara,240,250,100,26,28,66,320,0,17.6805,74.0183,Low
Sangli,265,245,100,29,34,60,340,1,16.8524,74.5815,Medium
Amravati,290,220,98,34,40,53,290,1,20.932,77.7523,High
Akola,275,210,95,35,42,48,310,1,20.7002,77.0082,Medium
Yavatmal,285,225,100,33,43,46,280,1,20.3899,78.1307,High
Wardha,225,195,89,34,37,63,200,0,20.7453,78.6022,Low
Bhandara,220,230,100,32,36,65,180,0,21.1702,79.657,Low
Gondia,222,235,100,31,35,64,170,0,21.46,80.1986,Low
Chandrapur,295,230,100,35,44,43,220,1,19.9615,79.2961,High
Gadchiroli,280,260,100,30,45,41,150,1,20.1849,80,High
Pune,275,220,98,30,28,62,603,1,18.5204,73.8567,Medium
Mumbai,460,490,100,29,10,45,20600,1,19.076,72.8777,High
Nagpur,235,195,90,35,44,62,470,0,21.1458,79.0882,Low
Nashik,250,240,100,28,31,60,390,1,19.9975,73.7898,Medium
Aurangabad,285,220,95,33,36,54,380,1,19.8762,75.3433,Medium
Solapur,305,195,93,36,42,45,300,1,17.6599,75.9064,High
Kolhapur,275,270,100,27,31,64,450,1,16.705,74.2433,Medium
Satara,245,260,100,26,29,66,320,0,17.6805,74.0183,Low
Sangli,270,255,100,29,35,60,340,1,16.8524,74.5815,Medium
Amravati,300,230,100,34,41,53,290,1,20.932,77.7523,High
Akola,285,220,98,35,43,48,310,1,20.7002,77.0082,Medium
Yavatmal,295,235,100,33,44,46,280,1,20.3899,78.1307,High
Wardha,235,205,92,34,38,63,200,0,20.7453,78.6022,Low
Bhandara,230,240,100,32,37,65,180,0,21.1702,79.657,Low
Gondia,232,245,100,31,36,64,170,0,21.46,80.1986,Low
Chandrapur,305,240,100,35,45,43,220,1,19.9615,79.2961,High
Gadchiroli,290,270,100,30,46,41,150,1,20.1849,80,High
Latur,260,195,90,33,37,52,350,1,18.4088,76.5604,Medium
Osmanabad,250,185,88,34,36,53,300,0,18.186,76.0419,Low
Beed,285,200,92,33,38,51,320,1,18.9894,75.7601,High
Jalna,270,205,95,34,35,54,330,1,19.8347,75.8816,Medium
Parbhani,260,210,97,33,36,55,310,1,19.2608,76.7748,Medium
Hingoli,245,215,99,32,34,57,290,0,19.7174,77.148,Low
Nanded,275,225,100,31,37,52,340,1,19.1383,77.321,High
Dhule,240,190,85,35,33,59,280,0,20.9042,74.7749,Low
Nandurbar,235,250,100,30,39,47,220,1,21.365,74.2429,Medium
Jalgaon,260,200,90,34,34,56,360,1,21.0077,75.5626,Medium
Ahmednagar,250,195,88,33,32,58,300,0,19.0952,74.7496,Low
Thane,320,360,100,28,12,53,11500,1,19.2183,72.9781,High
Palghar,300,370,100,27,30,51,900,1,19.6967,72.765,High
Raigad,290,380,100,26,29,55,450,1,18.5158,73.1822,High
Ratnagiri,270,410,100,25,27,57,200,0,16.9902,73.312,Medium
Sindhudurg,260,420,100,25,26,59,180,0,16.3492,73.5594,Medium
Pune,280,225,99,30,28,62,603,1,18.5204,73.8567,Medium
Mumbai,470,500,100,29,10,45,20600,1,19.076,72.8777,High
Nagpur,240,200,91,35,45,62,470,0,21.1458,79.0882,Low
Nashik,255,245,100,28,31,60,390,1,19.9975,73.7898,Medium
Aurangabad,290,225,96,33,36,54,380,1,19.8762,75.3433,Medium
Solapur,310,200,94,36,42,45,300,1,17.6599,75.9064,High
Kolhapur,280,275,100,27,31,64,450,1,16.705,74.2433,Medium
Satara,250,265,100,26,29,66,320,0,17.6805,74.0183,Low
Sangli,275,260,100,29,35,60,340,1,16.8524,74.5815,Medium
Amravati,305,235,100,34,41,53,290,1,20.932,77.7523,High
Akola,290,225,99,35,43,48,310,1,20.7002,77.0082,Medium
Yavatmal,300,240,100,33,44,46,280,1,20.3899,78.1307,High
Wardha,240,210,93,34,38,63,200,0,20.7453,78.6022,Low
Bhandara,235,245,100,32,37,65,180,0,21.1702,79.657,Low
Gondia,238,250,100,31,36,64,170,0,21.46,80.1986,Low
Chandrapur,310,245,100,35,45,43,220,1,19.9615,79.2961,High
Gadchiroli,295,275,100,30,46,41,150,1,20.1849,80,High
Pune,285,230,100,30,29,62,603,1,18.5204,73.8567,Medium
Mumbai,480,510,100,29,10,44,20600,1,19.076,72.8777,High
Nagpur,245,205,93,35,46,62,470,0,21.1458,79.0882,Low
Nashik,265,255,100,28,32,60,390,1,19.9975,73.7898,Medium
Aurangabad,300,235,98,33,37,54,380,1,19.8762,75.3433,Medium
Solapur,320,210,96,36,43,45,300,1,17.6599,75.9064,High
Kolhapur,290,285,100,27,32,64,450,1,16.705,74.2433,Medium
Satara,260,275,100,26,30,66,320,0,17.6805,74.0183,Low
Sangli,285,270,100,29,36,60,340,1,16.8524,74.5815,Medium
Amravati,315,245,100,34,42,53,290,1,20.932,77.7523,High
Akola,300,235,100,35,44,48,310,1,20.7002,77.0082,Medium
Yavatmal,310,250,100,33,45,46,280,1,20.3899,78.1307,High
Wardha,250,220,95,34,39,63,200,0,20.7453,78.6022,Low
Bhandara,245,255,100,32,38,65,180,0,21.1702,79.657,Low
Gondia,248,260,100,31,37,64,170,0,21.46,80.1986,Low
Chandrapur,320,255,100,35,46,43,220,1,19.9615,79.2961,High
Gadchiroli,305,285,100,30,47,41,150,1,20.1849,80,High
Latur,270,205,92,33,38,52,350,1,18.4088,76.5604,Medium
Osmanabad,260,195,90,34,37,53,300,0,18.186,76.0419,Low
Beed,300,210,95,33,39,51,320,1,18.9894,75.7601,High
Jalna,285,215,98,34,36,54,330,1,19.8347,75.8816,Medium
Parbhani,275,220,100,33,37,55,310,1,19.2608,76.7748,Medium
Hingoli,260,225,100,32,35,57,290,0,19.7174,77.148,Low
Nanded,290,235,100,31,38,52,340,1,19.1383,77.321,High
Dhule,255,200,88,35,34,59,280,0,20.9042,74.7749,Low
Nandurbar,250,260,100,30,40,47,220,1,21.365,74.2429,Medium
Jalgaon,275,210,92,34,35,56,360,1,21.0077,75.5626,Medium
Ahmednagar,265,205,90,33,33,58,300,0,19.0952,74.7496,Low
Thane,330,370,100,28,12,53,11500,1,19.2183,72.9781,High
Palghar,310,380,100,27,31,51,900,1,19.6967,72.765,High
Raigad,300,390,100,26,30,55,450,1,18.5158,73.1822,High
Ratnagiri,280,420,100,25,28,57,200,0,16.9902,73.312,Medium
Sindhudurg,270,430,100,25,27,59,180,0,16.3492,73.5594,Medium
Pune,290,235,100,30,29,62,603,1,18.5204,73.8567,Medium
Mumbai,490,520,100,29,10,44,20600,1,19.076,72.8777,High
Nagpur,250,210,94,35,47,62,470,0,21.1458,79.0882,Low
Nashik,270,260,100,28,32,60,390,1,19.9975,73.7898,Medium
Aurangabad,305,240,99,33,37,54,380,1,19.8762,75.3433,Medium
Solapur,325,215,97,36,43,45,300,1,17.6599,75.9064,High
Kolhapur,295,290,100,27,32,64,450,1,16.705,74.2433,Medium
Satara,265,280,100,26,30,66,320,0,17.6805,74.0183,Low
Sangli,290,275,100,29,36,60,340,1,16.8524,74.5815,Medium
Amravati,320,250,100,34,42,53,290,1,20.932,77.7523,High
Akola,305,240,100,35,44,48,310,1,20.7002,77.0082,Medium
Yavatmal,315,255,100,33,45,46,280,1,20.3899,78.1307,High
Wardha,255,225,96,34,39,63,200,0,20.7453,78.6022,Low
Bhandara,250,260,100,32,38,65,180,0,21.1702,79.657,Low
Gondia,252,265,100,31,37,64,170,0,21.46,80.1986,Low
Chandrapur,325,260,100,35,46,43,220,1,19.9615,79.2961,High
Gadchiroli,310,290,100,30,47,41,150,1,20.1849,80,High
Pune,295,240,100,30,30,62,603,1,18.5204,73.8567,Medium
Mumbai,500,530,100,29,10,44,20600,1,19.076,72.8777,High
Nagpur,255,215,95,35,48,62,470,0,21.1458,79.0882,Low
Nashik,275,265,100,28,33,60,390,1,19.9975,73.7898,Medium
Aurangabad,310,245,100,33,38,54,380,1,19.8762,75.3433,Medium
Solapur,330,220,98,36,44,45,300,1,17.6599,75.9064,High
Kolhapur,300,295,100,27,33,64,450,1,16.705,74.2433,Medium
Satara,270,285,100,26,31,66,320,0,17.6805,74.0183,Low
Sangli,295,280,100,29,37,60,340,1,16.8524,74.5815,Medium
Amravati,325,255,100,34,43,53,290,1,20.932,77.7523,High
Akola,310,245,100,35,45,48,310,1,20.7002,77.0082,Medium
Yavatmal,320,260,100,33,46,46,280,1,20.3899,78.1307,High
Wardha,260,230,97,34,40,63,200,0,20.7453,78.6022,Low
Bhandara,255,265,100,32,39,65,180,0,21.1702,79.657,Low
Gondia,258,270,100,31,38,64,170,0,21.46,80.1986,Low
Chandrapur,330,265,100,35,47,43,220,1,19.9615,79.2961,High
Gadchiroli,315,295,100,30,48,41,150,1,20.1849,80,High
Latur,280,210,94,33,39,52,350,1,18.4088,76.5604,Medium
Osmanabad,270,200,92,34,38,53,300,0,18.186,76.0419,Low
Beed,310,215,97,33,40,51,320,1,18.9894,75.7601,High
Jalna,295,220,100,34,37,54,330,1,19.8347,75.8816,Medium
Parbhani,285,225,100,33,38,55,310,1,19.2608,76.7748,Medium
Hingoli,270,230,100,32,36,57,290,0,19.7174,77.148,Low
Nanded,300,240,100,31,39,52,340,1,19.1383,77.321,High
Dhule,265,205,90,35,35,59,280,0,20.9042,74.7749,Low
Nandurbar,260,265,100,30,41,47,220,1,21.365,74.2429,Medium
Jalgaon,285,215,95,34,36,56,360,1,21.0077,75.5626,Medium
Ahmednagar,275,210,93,33,34,58,300,0,19.0952,74.7496,Low
Thane,340,380,100,28,12,53,11500,1,19.2183,72.9781,High
Palghar,320,390,100,27,32,51,900,1,19.6967,72.765,High
Raigad,310,400,100,26,31,55,450,1,18.5158,73.1822,High
Ratnagiri,290,430,100,25,29,57,200,0,16.9902,73.312,Medium
Sindhudurg,280,440,100,25,28,59,180,0,16.3492,73.5594,Medium
Pune,300,245,100,30,30,62,603,1,18.5204,73.8567,Medium
Mumbai,510,540,100,29,10,44,20600,1,19.076,72.8777,High
Nagpur,260,220,96,35,49,62,470,0,21.1458,79.0882,Low
Nashik,280,270,100,28,33,60,390,1,19.9975,73.7898,Medium
Aurangabad,315,250,100,33,38,54,380,1,19.8762,75.3433,Medium
Solapur,335,225,99,36,44,45,300,1,17.6599,75.9064,High
Kolhapur,305,300,100,27,33,64,450,1,16.705,74.2433,Medium
Satara,275,290,100,26,31,66,320,0,17.6805,74.0183,Low
Sangli,300,285,100,29,37,60,340,1,16.8524,74.5815,Medium
Amravati,330,260,100,34,43,53,290,1,20.932,77.7523,High
Akola,315,250,100,35,45,48,310,1,20.7002,77.0082,Medium
Yavatmal,325,265,100,33,46,46,280,1,20.3899,78.1307,High
Wardha,265,235,98,34,40,63,200,0,20.7453,78.6022,Low
Bhandara,260,270,100,32,39,65,180,0,21.1702,79.657,Low
Gondia,262,275,100,31,38,64,170,0,21.46,80.1986,Low
Chandrapur,335,270,100,35,47,43,220,1,19.9615,79.2961,High
Gadchiroli,320,300,100,30,48,41,150,1,20.1849,80,High
Pune,305,250,100,30,31,62,603,1,18.5204,73.8567,Medium
Mumbai,520,550,100,29,10,43,20600,1,19.076,72.8777,High
Nagpur,265,225,97,35,50,62,470,0,21.1458,79.0882,Low
Nashik,285,275,100,28,34,60,390,1,19.9975,73.7898,Medium
Aurangabad,320,255,100,33,39,54,380,1,19.8762,75.3433,Medium
Solapur,340,230,100,36,45,45,300,1,17.6599,75.9064,High
Kolhapur,310,305,100,27,34,64,450,1,16.705,74.2433,Medium
Satara,280,295,100,26,32,66,320,0,17.6805,74.0183,Low
Sangli,305,290,100,29,38,60,340,1,16.8524,74.5815,Medium
Amravati,335,265,100,34,44,53,290,1,20.932,77.7523,High
Akola,320,255,100,35,46,48,310,1,20.7002,77.0082,Medium
Yavatmal,330,270,100,33,47,46,280,1,20.3899,78.1307,High
Wardha,270,240,99,34,41,63,200,0,20.7453,78.6022,Low
Bhandara,265,275,100,32,40,65,180,0,21.1702,79.657,Low
Gondia,268,280,100,31,39,64,170,0,21.46,80.1986,Low
Chandrapur,340,275,100,35,48,43,220,1,19.9615,79.2961,High
Gadchiroli,325,305,100,30,49,41,150,1,20.1849,80,High
Latur,290,220,96,33,40,52,350,1,18.4088,76.5604,Medium
Osmanabad,280,210,94,34,39,53,300,0,18.186,76.0419,Low
Beed,320,225,100,33,41,51,320,1,18.9894,75.7601,High
Jalna,305,230,100,34,38,54,330,1,19.8347,75.8816,Medium
Parbhani,295,235,100,33,39,55,310,1,19.2608,76.7748,Medium
Hingoli,280,240,100,32,37,57,290,0,19.7174,77.148,Low
Nanded,310,250,100,31,40,52,340,1,19.1383,77.321,High
Dhule,275,215,92,35,36,59,280,0,20.9042,74.7749,Low
Nandurbar,270,275,100,30,42,47,220,1,21.365,74.2429,Medium
Jalgaon,295,225,97,34,37,56,360,1,21.0077,75.5626,Medium
Ahmednagar,285,220,95,33,35,58,300,0,19.0952,74.7496,Low
Thane,350,390,100,28,12,53,11500,1,19.2183,72.9781,High
Palghar,330,400,100,27,33,51,900,1,19.6967,72.765,High
Raigad,320,410,100,26,32,55,450,1,18.5158,73.1822,High
Ratnagiri,300,440,100,25,30,57,200,0,16.9902,73.312,Medium
Sindhudurg,290,450,100,25,29,59,180,0,16.3492,73.5594,Medium
Pune,310,255,100,30,31,62,603,1,18.5204,73.8567,Medium
Mumbai,530,560,100,29,10,43,20600,1,19.076,72.8777,High
Nagpur,270,230,98,35,51,62,470,0,21.1458,79.0882,Low
Nashik,290,280,100,28,34,60,390,1,19.9975,73.7898,Medium
Aurangabad,325,260,100,33,39,54,380,1,19.8762,75.3433,Medium
Solapur,345,235,100,36,45,45,300,1,17.6599,75.9064,High
Kolhapur,315,310,100,27,34,64,450,1,16.705,74.2433,Medium
Satara,285,300,100,26,32,66,320,0,17.6805,74.0183,Low
Sangli,310,295,100,29,38,60,340,1,16.8524,74.5815,Medium
Amravati,340,270,100,34,44,53,290,1,20.932,77.7523,High
Akola,325,260,100,35,46,48,310,1,20.7002,77.0082,Medium
Yavatmal,335,275,100,33,47,46,280,1,20.3899,78.1307,High
Wardha,275,245,100,34,41,63,200,0,20.7453,78.6022,Low
Bhandara,270,280,100,32,40,65,180,0,21.1702,79.657,Low
Gondia,272,285,100,31,39,64,170,0,21.46,80.1986,Low
Chandrapur,345,280,100,35,48,43,220,1,19.9615,79.2961,High
Gadchiroli,330,310,100,30,49,41,150,1,20.1849,80,High
Pune,315,260,100,30,32,62,603,1,18.5204,73.8567,Medium
Mumbai,540,570,100,29,10,43,20600,1,19.076,72.8777,High
Nagpur,275,235,100,35,52,62,470,0,21.1458,79.0882,Low
Nashik,295,285,100,28,35,60,390,1,19.9975,73.7898,Medium
Aurangabad,335,270,100,33,40,54,380,1,19.8762,75.3433,Medium
Solapur,355,245,100,36,46,45,300,1,17.6599,75.9064,High
Kolhapur,325,320,100,27,35,64,450,1,16.705,74.2433,Medium
Satara,295,310,100,26,33,66,320,0,17.6805,74.0183,Low
Sangli,320,305,100,29,39,60,340,1,16.8524,74.5815,Medium
Amravati,350,280,100,34,45,53,290,1,20.932,77.7523,High
Akola,335,270,100,35,47,48,310,1,20.7002,77.0082,Medium
Yavatmal,345,285,100,33,48,46,280,1,20.3899,78.1307,High
Wardha,285,255,100,34,42,63,200,0,20.7453,78.6022,Low
Bhandara,280,290,100,32,41,65,180,0,21.1702,79.657,Low
Gondia,282,295,100,31,40,64,170,0,21.46,80.1986,Low
Chandrapur,355,290,100,35,49,43,220,1,19.9615,79.2961,High
Gadchiroli,340,320,100,30,50,41,150,1,20.1849,80,High
Latur,300,235,100,33,41,52,350,1,18.4088,76.5604,Medium
Osmanabad,290,225,98,34,40,53,300,0,18.186,76.0419,Low
Beed,335,240,100,33,42,51,320,1,18.9894,75.7601,High
Jalna,320,245,100,34,39,54,330,1,19.8347,75.8816,Medium
Parbhani,310,250,100,33,40,55,310,1,19.2608,76.7748,Medium
Hingoli,295,255,100,32,38,57,290,0,19.7174,77.148,Low
Nanded,325,265,100,31,41,52,340,1,19.1383,77.321,High
Dhule,290,230,96,35,37,59,280,0,20.9042,74.7749,Low
Nandurbar,285,290,100,30,43,47,220,1,21.365,74.2429,Medium
Jalgaon,310,240,100,34,38,56,360,1,21.0077,75.5626,Medium
Ahmednagar,300,235,98,33,36,58,300,0,19.0952,74.7496,Low
Thane,360,400,100,28,12,53,11500,1,19.2183,72.9781,High
Palghar,340,410,100,27,34,51,900,1,19.6967,72.765,High
Raigad,330,420,100,26,33,55,450,1,18.5158,73.1822,High
Ratnagiri,310,450,100,25,31,57,200,0,16.9902,73.312,Medium
Sindhudurg,300,460,100,25,30,59,180,0,16.3492,73.5594,Medium
Pune,320,265,100,30,32,62,603,1,18.5204,73.8567,Medium
Mumbai,550,580,100,29,10,43,20600,1,19.076,72.8777,High
Nagpur,280,240,100,35,53,62,470,0,21.1458,79.0882,Low
Nashik,300,290,100,28,35,60,390,1,19.9975,73.7898,Medium
Aurangabad,340,275,100,33,40,54,380,1,19.8762,75.3433,Medium
Solapur,360,250,100,36,46,45,300,1,17.6599,75.9064,High
Kolhapur,330,325,100,27,35,64,450,1,16.705,74.2433,Medium
Satara,300,315,100,26,33,66,320,0,17.6805,74.0183,Low
Sangli,325,310,100,29,39,60,340,1,16.8524,74.5815,Medium
Amravati,355,285,100,34,45,53,290,1,20.932,77.7523,High
Akola,340,275,100,35,47,48,310,1,20.7002,77.0082,Medium
Yavatmal,350,290,100,33,48,46,280,1,20.3899,78.1307,High
Wardha,290,260,100,34,42,63,200,0,20.7453,78.6022,Low
Bhandara,285,295,100,32,41,65,180,0,21.1702,79.657,Low
Gondia,288,300,100,31,40,64,170,0,21.46,80.1986,Low
Chandrapur,360,295,100,35,49,43,220,1,19.9615,79.2961,High
Gadchiroli,345,325,100,30,50,41,150,1,20.1849,80,High
Pune,330,275,100,30,33,62,603,1,18.5204,73.8567,Medium
Mumbai,560,600,100,29,10,42,20600,1,19.076,72.8777,High
Nagpur,290,255,100,35,55,62,470,0,21.1458,79.0882,Low
Nashik,310,305,100,28,36,60,390,1,19.9975,73.7898,Medium
Aurangabad,350,290,100,33,41,54,380,1,19.8762,75.3433,Medium
Solapur,370,265,100,36,47,45,300,1,17.6599,75.9064,High
Kolhapur,345,340,100,27,36,64,450,1,16.705,74.2433,Medium
Satara,315,330,100,26,34,66,320,0,17.6805,74.0183,Low
Sangli,340,325,100,29,40,60,340,1,16.8524,74.5815,Medium
Amravati,370,305,100,34,46,53,290,1,20.932,77.7523,High
Akola,355,295,100,35,48,48,310,1,20.7002,77.0082,Medium
Yavatmal,365,310,100,33,49,46,280,1,20.3899,78.1307,High
Wardha,305,280,100,34,43,63,200,0,20.7453,78.6022,Low
Bhandara,300,315,100,32,42,65,180,0,21.1702,79.657,Low
Gondia,305,320,100,31,41,64,170,0,21.46,80.1986,Low
Chandrapur,375,315,100,35,50,43,220,1,19.9615,79.2961,High
Gadchiroli,360,345,100,30,51,41,150,1,20.1849,80,High
Latur,320,255,100,33,42,52,350,1,18.4088,76.5604,Medium
Osmanabad,310,245,100,34,41,53,300,0,18.186,76.0419,Low
Beed,350,260,100,33,43,51,320,1,18.9894,75.7601,High
Jalna,335,265,100,34,40,54,330,1,19.8347,75.8816,Medium
Parbhani,325,270,100,33,41,55,310,1,19.2608,76.7748,Medium
Hingoli,310,275,100,32,39,57,290,0,19.7174,77.148,Low
Nanded,340,285,100,31,42,52,340,1,19.1383,77.321,High
Dhule,305,250,100,35,38,59,280,0,20.9042,74.7749,Low
Nandurbar,300,310,100,30,44,47,220,1,21.365,74.2429,Medium
Jalgaon,325,260,100,34,39,56,360,1,21.0077,75.5626,Medium
Ahmednagar,315,255,100,33,37,58,300,0,19.0952,74.7496,Low
Thane,380,420,100,28,12,53,11500,1,19.2183,72.9781,High
Palghar,360,430,100,27,35,51,900,1,19.6967,72.765,High
Raigad,350,440,100,26,34,55,450,1,18.5158,73.1822,High
Ratnagiri,330,470,100,25,32,57,200,0,16.9902,73.312,Medium
Sindhudurg,320,480,100,25,31,59,180,0,16.3492,73.5594,Medium
Pune,335,280,100,30,33,62,603,1,18.5204,73.8567,Medium
Mumbai,570,610,100,29,10,42,20600,1,19.076,72.8777,High
Nagpur,295,260,100,35,56,62,470,0,21.1458,79.0882,Low
Nashik,315,310,100,28,36,60,390,1,19.9975,73.7898,Medium
Aurangabad,355,295,100,33,41,54,380,1,19.8762,75.3433,Medium
Solapur,375,270,100,36,47,45,300,1,17.6599,75.9064,High
Kolhapur,350,345,100,27,36,64,450,1,16.705,74.2433,Medium
Satara,320,335,100,26,34,66,320,0,17.6805,74.0183,Low
Sangli,345,330,100,29,40,60,340,1,16.8524,74.5815,Medium
Amravati,375,310,100,34,46,53,290,1,20.932,77.7523,High
Akola,360,300,100,35,48,48,310,1,20.7002,77.0082,Medium
Yavatmal,370,315,100,33,49,46,280,1,20.3899,78.1307,High
Wardha,310,285,100,34,43,63,200,0,20.7453,78.6022,Low
Bhandara,305,320,100,32,42,65,180,0,21.1702,79.657,Low
Gondia,310,325,100,31,41,64,170,0,21.46,80.1986,Low
Chandrapur,380,320,100,35,50,43,220,1,19.9615,79.2961,High
Gadchiroli,365,350,100,30,51,41,150,1,20.1849,80,High
Pune,340,285,100,30,34,62,603,1,18.5204,73.8567,Medium
Mumbai,580,620,100,29,10,42,20600,1,19.076,72.8777,High
Nagpur,300,265,100,35,57,62,470,0,21.1458,79.0882,Low
Nashik,320,315,100,28,37,60,390,1,19.9975,73.7898,Medium
Aurangabad,360,300,100,33,42,54,380,1,19.8762,75.3433,Medium
Solapur,380,275,100,36,48,45,300,1,17.6599,75.9064,High
Kolhapur,355,350,100,27,37,64,450,1,16.705,74.2433,Medium
Satara,325,340,100,26,35,66,320,0,17.6805,74.0183,Low
Sangli,350,335,100,29,41,60,340,1,16.8524,74.5815,Medium
Amravati,380,315,100,34,47,53,290,1,20.932,77.7523,High
Akola,365,305,100,35,49,48,310,1,20.7002,77.0082,Medium
Yavatmal,375,320,100,33,50,46,280,1,20.3899,78.1307,High
Wardha,315,290,100,34,44,63,200,0,20.7453,78.6022,Low
Bhandara,310,325,100,32,43,65,180,0,21.1702,79.657,Low
Gondia,315,330,100,31,42,64,170,0,21.46,80.1986,Low
Chandrapur,385,325,100,35,51,43,220,1,19.9615,79.2961,High
Gadchiroli,370,355,100,30,52,41,150,1,20.1849,80,High
Latur,330,265,100,33,43,52,350,1,18.4088,76.5604,Medium
Osmanabad,320,255,100,34,42,53,300,0,18.186,76.0419,Low
Beed,360,270,100,33,44,51,320,1,18.9894,75.7601,High
Jalna,345,275,100,34,41,54,330,1,19.8347,75.8816,Medium
Parbhani,335,280,100,33,42,55,310,1,19.2608,76.7748,Medium
Hingoli,320,285,100,32,40,57,290,0,19.7174,77.148,Low
Nanded,350,295,100,31,43,52,340,1,19.1383,77.321,High
Dhule,315,260,100,35,39,59,280,0,20.9042,74.7749,Low
Nandurbar,310,320,100,30,45,47,220,1,21.365,74.2429,Medium
Jalgaon,335,270,100,34,40,56,360,1,21.0077,75.5626,Medium
Ahmednagar,325,265,100,33,38,58,300,0,19.0952,74.7496,Low
Thane,390,430,100,28,12,53,11500,1,19.2183,72.9781,High
Palghar,370,440,100,27,36,51,900,1,19.6967,72.765,High
Raigad,360,450,100,26,35,55,450,1,18.5158,73.1822,High
Ratnagiri,340,480,100,25,33,57,200,0,16.9902,73.312,Medium
Sindhudurg,330,490,100,25,32,59,180,0,16.3492,73.5594,Medium
Pune,345,290,100,30,34,62,603,1,18.5204,73.8567,Medium
Mumbai,590,630,100,29,10,42,20600,1,19.076,72.8777,High
Nagpur,305,270,100,35,58,62,470,0,21.1458,79.0882,Low
Nashik,325,320,100,28,37,60,390,1,19.9975,73.7898,Medium
Aurangabad,365,305,100,33,42,54,380,1,19.8762,75.3433,Medium
Solapur,385,280,100,36,48,45,300,1,17.6599,75.9064,High
Kolhapur,360,355,100,27,37,64,450,1,16.705,74.2433,Medium
Satara,330,345,100,26,35,66,320,0,17.6805,74.0183,Low
Sangli,355,340,100,29,41,60,340,1,16.8524,74.5815,Medium
Amravati,385,320,100,34,47,53,290,1,20.932,77.7523,High
Akola,370,310,100,35,49,48,310,1,20.7002,77.0082,Medium
Yavatmal,380,325,100,33,50,46,280,1,20.3899,78.1307,High
Wardha,320,295,100,34,44,63,200,0,20.7453,78.6022,Low
Bhandara,315,330,100,32,43,65,180,0,21.1702,79.657,Low
Gondia,320,335,100,31,42,64,170,0,21.46,80.1986,Low
Chandrapur,390,330,100,35,51,43,220,1,19.9615,79.2961,High
Gadchiroli,375,360,100,30,52,41,150,1,20.1849,80,High
Pune,350,300,100,30,35,62,603,1,18.5204,73.8567,Medium
Mumbai,600,640,100,29,10,42,20600,1,19.076,72.8777,High
Nagpur,310,275,100,35,59,62,470,0,21.1458,79.0882,Low
Nashik,330,325,100,28,38,60,390,1,19.9975,73.7898,Medium
Aurangabad,370,310,100,33,43,54,380,1,19.8762,75.3433,Medium
Solapur,390,285,100,36,49,45,300,1,17.6599,75.9064,High
Kolhapur,365,360,100,27,38,64,450,1,16.705,74.2433,Medium
Satara,335,350,100,26,36,66,320,0,17.6805,74.0183,Low
Sangli,360,345,100,29,42,60,340,1,16.8524,74.5815,Medium
Amravati,390,325,100,34,48,53,290,1,20.932,77.7523,High
Akola,375,315,100,35,50,48,310,1,20.7002,77.0082,Medium
Yavatmal,385,330,100,33,51,46,280,1,20.3899,78.1307,High
Wardha,325,300,100,34,45,63,200,0,20.7453,78.6022,Low
Bhandara,320,335,100,32,44,65,180,0,21.1702,79.657,Low
Gondia,325,340,100,31,43,64,170,0,21.46,80.1986,Low
Chandrapur,395,335,100,35,52,43,220,1,19.9615,79.2961,High
Gadchiroli,380,365,100,30,53,41,150,1,20.1849,80,High
Latur,340,275,100,33,44,52,350,1,18.4088,76.5604,Medium
Osmanabad,330,265,100,34,43,53,300,0,18.186,76.0419,Low
Beed,370,280,100,33,45,51,320,1,18.9894,75.7601,High
Jalna,355,285,100,34,42,54,330,1,19.8347,75.8816,Medium
Parbhani,345,290,100,33,43,55,310,1,19.2608,76.7748,Medium
Hingoli,330,295,100,32,41,57,290,0,19.7174,77.148,Low
Nanded,360,305,100,31,44,52,340,1,19.1383,77.321,High
Dhule,325,270,100,35,40,59,280,0,20.9042,74.7749,Low
Nandurbar,320,330,100,30,46,47,220,1,21.365,74.2429,Medium
Jalgaon,345,280,100,34,41,56,360,1,21.0077,75.5626,Medium
Ahmednagar,335,275,100,33,39,58,300,0,19.0952,74.7496,Low
Thane,400,440,100,28,12,53,11500,1,19.2183,72.9781,High
Palghar,380,450,100,27,37,51,900,1,19.6967,72.765,High
Raigad,370,460,100,26,36,55,450,1,18.5158,73.1822,High
Ratnagiri,350,490,100,25,34,57,200,0,16.9902,73.312,Medium
Sindhudurg,340,500,100,25,33,59,180,0,16.3492,73.5594,Medium
Pune,355,305,100,30,35,62,603,1,18.5204,73.8567,Medium
Mumbai,610,650,100,29,10,42,20600,1,19.076,72.8777,High
Nagpur,315,280,100,35,60,62,470,0,21.1458,79.0882,Low
Nashik,335,330,100,28,38,60,390,1,19.9975,73.7898,Medium
Aurangabad,375,315,100,33,43,54,380,1,19.8762,75.3433,Medium
Solapur,395,290,100,36,49,45,300,1,17.6599,75.9064,High
Kolhapur,370,365,100,27,38,64,450,1,16.705,74.2433,Medium
Satara,340,355,100,26,36,66,320,0,17.6805,74.0183,Low
Sangli,365,350,100,29,42,60,340,1,16.8524,74.5815,Medium
Amravati,395,330,100,34,48,53,290,1,20.932,77.7523,High
Akola,380,320,100,35,50,48,310,1,20.7002,77.0082,Medium
Yavatmal,390,335,100,33,51,46,280,1,20.3899,78.1307,High
Wardha,330,305,100,34,45,63,200,0,20.7453,78.6022,Low
Bhandara,325,340,100,32,44,65,180,0,21.1702,79.657,Low
Gondia,330,345,100,31,43,64,170,0,21.46,80.1986,Low
Chandrapur,400,340,100,35,52,43,220,1,19.9615,79.2961,High
Gadchiroli,385,370,100,30,53,41,150,1,20.1849,80,High
Pune,360,310,100,30,36,62,603,1,18.5204,73.8567,Medium
Mumbai,620,660,100,29,10,41,20600,1,19.076,72.8777,High
Nagpur,320,285,100,35,61,62,470,0,21.1458,79.0882,Low
Nashik,340,335,100,28,39,60,390,1,19.9975,73.7898,Medium
Aurangabad,380,320,100,33,44,54,380,1,19.8762,75.3433,Medium
Solapur,400,295,100,36,50,45,300,1,17.6599,75.9064,High
Kolhapur,375,370,100,27,39,64,450,1,16.705,74.2433,Medium
Satara,345,360,100,26,37,66,320,0,17.6805,74.0183,Low
Sangli,370,355,100,29,43,60,340,1,16.8524,74.5815,Medium
Amravati,400,335,100,34,49,53,290,1,20.932,77.7523,High
Akola,385,325,100,35,51,48,310,1,20.7002,77.0082,Medium
Yavatmal,395,340,100,33,52,46,280,1,20.3899,78.1307,High
Wardha,335,310,100,34,46,63,200,0,20.7453,78.6022,Low
Bhandara,330,345,100,32,45,65,180,0,21.1702,79.657,Low
Gondia,335,350,100,31,44,64,170,0,21.46,80.1986,Low
Chandrapur,405,345,100,35,53,43,220,1,19.9615,79.2961,High
Gadchiroli,390,375,100,30,54,41,150,1,20.1849,80,High
Latur,350,285,100,33,45,52,350,1,18.4088,76.5604,Medium
Osmanabad,340,275,100,34,44,53,300,0,18.186,76.0419,Low
Beed,380,290,100,33,46,51,320,1,18.9894,75.7601,High
Jalna,365,295,100,34,43,54,330,1,19.8347,75.8816,Medium
Parbhani,355,300,100,33,44,55,310,1,19.2608,76.7748,Medium
Hingoli,340,305,100,32,42,57,290,0,19.7174,77.148,Low
Nanded,370,315,100,31,45,52,340,1,19.1383,77.321,High
Dhule,335,280,100,35,41,59,280,0,20.9042,74.7749,Low
Nandurbar,330,340,100,30,47,47,220,1,21.365,74.2429,Medium
Jalgaon,355,290,100,34,42,56,360,1,21.0077,75.5626,Medium
Ahmednagar,345,285,100,33,40,58,300,0,19.0952,74.7496,Low
Thane,410,450,100,28,12,53,11500,1,19.2183,72.9781,High
Palghar,390,460,100,27,38,51,900,1,19.6967,72.765,High
Raigad,380,470,100,26,37,55,450,1,18.5158,73.1822,High
Ratnagiri,360,500,100,25,35,57,200,0,16.9902,73.312,Medium
Sindhudurg,350,510,100,25,34,59,180,0,16.3492,73.5594,Medium
